-- MySQL Script generated by MySQL Workbench
-- Thu Apr 11 12:46:37 2019
-- Model: New Model    Version: 1.0
-- MySQL Workbench Forward Engineering

SET @OLD_UNIQUE_CHECKS=@@UNIQUE_CHECKS, UNIQUE_CHECKS=0;
SET @OLD_FOREIGN_KEY_CHECKS=@@FOREIGN_KEY_CHECKS, FOREIGN_KEY_CHECKS=0;
SET @OLD_SQL_MODE=@@SQL_MODE, SQL_MODE='ONLY_FULL_GROUP_BY,STRICT_TRANS_TABLES,NO_ZERO_IN_DATE,NO_ZERO_DATE,ERROR_FOR_DIVISION_BY_ZERO,NO_ENGINE_SUBSTITUTION';

-- -----------------------------------------------------
-- Schema db.triplan
-- -----------------------------------------------------

-- -----------------------------------------------------
-- Schema db.triplan
-- -----------------------------------------------------
CREATE SCHEMA IF NOT EXISTS `db.triplan` DEFAULT CHARACTER SET utf8mb4 COLLATE utf8mb4_0900_ai_ci ;
USE `db.triplan` ;

-- -----------------------------------------------------
-- Table `db.triplan`.`city`
-- -----------------------------------------------------
CREATE TABLE IF NOT EXISTS `db.triplan`.`city` (
  `idcity` INT(11) NOT NULL auto_increment,
  `name_city` VARCHAR(45) NULL DEFAULT NULL,
  `stato` VARCHAR(45) NULL DEFAULT NULL,
  PRIMARY KEY (`idcity`))
ENGINE = InnoDB
DEFAULT CHARACTER SET = utf8mb4
COLLATE = utf8mb4_0900_ai_ci;
-- -----------------------------------------------------
-- Table `db.triplan`.`tab_user`
-- -----------------------------------------------------
DROP TABLE IF EXISTS `tab_user`;
/*!40101 SET @saved_cs_client     = @@character_set_client */;
 SET character_set_client = utf8mb4 ;
CREATE TABLE `tab_user` (
  `userId` int(11) unsigned NOT NULL AUTO_INCREMENT,
  `username` varchar(45) NOT NULL,
  `password` varchar(45) NOT NULL,
  `usertype` varchar(45) NOT NULL,
  PRIMARY KEY (`userId`)
) ENGINE=InnoDB AUTO_INCREMENT=5 DEFAULT CHARSET=utf8mb4 COLLATE=utf8mb4_0900_ai_ci;
/*!40101 SET character_set_client = @saved_cs_client */;

--
-- Dumping data for table `tab_user`
--

LOCK TABLES `tab_user` WRITE;
/*!40000 ALTER TABLE `tab_user` DISABLE KEYS */;
INSERT INTO `tab_user` VALUES (1,'admin','admin','superuser'),(2,'alex','alex','user');
/*!40000 ALTER TABLE `tab_user` ENABLE KEYS */;
UNLOCK TABLES;


-- -----------------------------------------------------
-- Table `db.triplan`.`booking`
-- -----------------------------------------------------
CREATE TABLE IF NOT EXISTS `db.triplan`.`booking` (
  `idbooking` INT(11) NOT NULL auto_increment,
  `book_username` VARCHAR(45) NULL DEFAULT NULL,
  `book_city` VARCHAR(45) NULL DEFAULT NULL,
  `date_departeur` DATE NULL DEFAULT NULL,
  `date_arrival` DATE NULL DEFAULT NULL,
  `city_idcity` INT(11) NOT NULL,
  `tab_user_userId` INT(11) NOT NULL,
  PRIMARY KEY (`idbooking`),
  INDEX `fk_booking_city1_idx` (`city_idcity` ASC) VISIBLE,
  INDEX `fk_booking_tab_user1_idx` (`tab_user_userId` ASC) VISIBLE,
  CONSTRAINT `fk_booking_city1`
    FOREIGN KEY (`city_idcity`)
    REFERENCES `db.triplan`.`city` (`idcity`)
    ON DELETE NO ACTION
    ON UPDATE NO ACTION,
  CONSTRAINT `fk_booking_tab_user1`
    FOREIGN KEY (`tab_user_userId`)
    REFERENCES `db.triplan`.`tab_user` (`userId`)
    ON DELETE NO ACTION
    ON UPDATE NO ACTION)
ENGINE = InnoDB
DEFAULT CHARACTER SET = utf8mb4
COLLATE = utf8mb4_0900_ai_ci;


-- -----------------------------------------------------
-- Table `db.triplan`.`places`
-- -----------------------------------------------------
CREATE TABLE IF NOT EXISTS `db.triplan`.`places` (
  `idplaces` INT(11) NOT NULL auto_increment,
  `name_places` VARCHAR(45) NULL DEFAULT NULL,
  `city_places` VARCHAR(45) NULL DEFAULT NULL,
  `latitude` DOUBLE NULL DEFAULT NULL,
  `longitude` DOUBLE NULL DEFAULT NULL,
  `city_idcity` INT(11) ,
  PRIMARY KEY (`idplaces`),
  INDEX `fk_places_city1_idx` (`city_idcity` ASC) VISIBLE,
  CONSTRAINT `fk_places_city1`
    FOREIGN KEY (`city_idcity`)
    REFERENCES `db.triplan`.`city` (`idcity`)
    ON DELETE NO ACTION
    ON UPDATE NO ACTION)
ENGINE = InnoDB
DEFAULT CHARACTER SET = utf8mb4
COLLATE = utf8mb4_0900_ai_ci;



SET SQL_MODE=@OLD_SQL_MODE;
SET FOREIGN_KEY_CHECKS=@OLD_FOREIGN_KEY_CHECKS;
SET UNIQUE_CHECKS=@OLD_UNIQUE_CHECKS;


-- -----------------------------------------------------
-- Data for table `db.triplan`.`city`
-- -----------------------------------------------------
SET FOREIGN_KEY_CHECKS = 0; 
TRUNCATE table city; 
SET FOREIGN_KEY_CHECKS = 1;

START TRANSACTION;
USE `db.triplan`;
INSERT INTO `db.triplan`.`city` (`idcity`,`name_city`, `stato`) VALUES ( 1,'roma', 'italia');
INSERT INTO `db.triplan`.`city` (`idcity`, `name_city`, `stato`) VALUES (2,'firenze', 'italia');
INSERT INTO `db.triplan`.`city` (`idcity`, `name_city`, `stato`) VALUES (3,'milano', 'italia');
INSERT INTO `db.triplan`.`city` (`idcity`, `name_city`, `stato`) VALUES (4,'madrid', 'spagna');
INSERT INTO `db.triplan`.`city` (`idcity`, `name_city`, `stato`) VALUES (5,'barcellona', 'spagna');
INSERT INTO `db.triplan`.`city` (`idcity`, `name_city`, `stato`) VALUES (6,'berlino', 'germania');
INSERT INTO `db.triplan`.`city` (`idcity`, `name_city`, `stato`) VALUES (7,'monaco', 'germania');
INSERT INTO `db.triplan`.`city` (`idcity`, `name_city`, `stato`) VALUES (8,'new york', 'usa');
INSERT INTO `db.triplan`.`city` (`idcity`, `name_city`, `stato`) VALUES (9,'san francisco', 'usa');
INSERT INTO `db.triplan`.`city` (`idcity`, `name_city`, `stato`) VALUES (10,'washington', 'usa');
INSERT INTO `db.triplan`.`city` (`idcity`, `name_city`, `stato`) VALUES (11,'parigi', 'francia');
INSERT INTO `db.triplan`.`city` (`idcity`, `name_city`, `stato`) VALUES (12,'nizza', 'francia');

COMMIT;

-- -----------------------------------------------------
-- Data for table `db.triplan`.`places`
-- -----------------------------------------------------
truncate table places;
START TRANSACTION;
USE `db.triplan`;
INSERT INTO `db.triplan`.`places` (`idplaces`, `name_places`, `city_places`, `latitude`, `longitude`, `city_idcity`) VALUES (1, 'san pietro', 'roma', 41.5407, 12.2724, 1);
INSERT INTO `db.triplan`.`places` (`idplaces`, `name_places`, `city_places`, `latitude`, `longitude`, `city_idcity`) VALUES (2, 'colosseo', 'roma', 41.5325, 12.2931, 1);
INSERT INTO `db.triplan`.`places` (`idplaces`, `name_places`, `city_places`, `latitude`, `longitude`, `city_idcity`) VALUES (3, 'pantheon', 'roma', 41.5355, 12.2838, 1);
INSERT INTO `db.triplan`.`places` (`idplaces`, `name_places`, `city_places`, `latitude`, `longitude`, `city_idcity`) VALUES (4, 'santa maria del fiore', 'firenze', 43.4623, 11.1522, 2);
INSERT INTO `db.triplan`.`places` (`idplaces`, `name_places`, `city_places`, `latitude`, `longitude`, `city_idcity`) VALUES (5, 'uffizi', 'firenze', 43.4604, 11.1516, 2);
INSERT INTO `db.triplan`.`places` (`idplaces`, `name_places`, `city_places`, `latitude`, `longitude`, `city_idcity`) VALUES (6, 'ponte vecchio', 'firenze', 43.4605, 11.1512, 2);
INSERT INTO `db.triplan`.`places` (`idplaces`, `name_places`, `city_places`, `latitude`, `longitude`, `city_idcity`) VALUES (7, 'tour eiffel', 'parigi', 48.5130, 2.1740, 11);
INSERT INTO `db.triplan`.`places` (`idplaces`, `name_places`, `city_places`, `latitude`, `longitude`, `city_idcity`) VALUES (8, 'sagrada famiglia', 'barcellona', 41.2412, 2.1027, 5);
INSERT INTO `db.triplan`.`places` (`idplaces`, `name_places`, `city_places`, `latitude`, `longitude`, `city_idcity`) VALUES (9, 'museo del prado', 'madrid', 40.2449, 3.4130, 4);
INSERT INTO `db.triplan`.`places` (`idplaces`, `name_places`, `city_places`, `latitude`, `longitude`, `city_idcity`) VALUES (10, 'ramblas', 'barcellona', 41.2330, 2.0944, 5);
INSERT INTO `db.triplan`.`places` (`idplaces`, `name_places`, `city_places`, `latitude`, `longitude`, `city_idcity`) VALUES (11, 'camp nou', 'barcellona', 41.2251, 2.0721, 5);
INSERT INTO `db.triplan`.`places` (`idplaces`, `name_places`, `city_places`, `latitude`, `longitude`, `city_idcity`) VALUES (12, 'santiago bernabeu', 'madrid', 40.2711, 3.4118, 4);
INSERT INTO `db.triplan`.`places` (`idplaces`, `name_places`, `city_places`, `latitude`, `longitude`, `city_idcity`) VALUES (13, 'fontana di trevi', 'roma', 41.5403, 12.2900, 1);
INSERT INTO `db.triplan`.`places` (`idplaces`, `name_places`, `city_places`, `latitude`, `longitude`, `city_idcity`) VALUES (14, 'piazza di spagna', 'roma', 41.5420, 12.2855, 1);
INSERT INTO `db.triplan`.`places` (`idplaces`, `name_places`, `city_places`, `latitude`, `longitude`, `city_idcity`) VALUES (15, 'piazza navona', 'roma', 41.5357, 12.2824, 1);
INSERT INTO `db.triplan`.`places` (`idplaces`, `name_places`, `city_places`, `latitude`, `longitude`, `city_idcity`) VALUES (16, 'circo massimo', 'roma', 41.5302, 12.2915, 1);
INSERT INTO `db.triplan`.`places` (`idplaces`, `name_places`, `city_places`, `latitude`, `longitude`, `city_idcity`) VALUES (17, 'piazza venezia', 'roma', 41.5344, 12.2858, 1);
INSERT INTO `db.triplan`.`places` (`idplaces`, `name_places`, `city_places`, `latitude`, `longitude`, `city_idcity`) VALUES (18, 'piazza del popolo', 'roma', 41.5439, 12.2836, 1);
INSERT INTO `db.triplan`.`places` (`idplaces`, `name_places`, `city_places`, `latitude`, `longitude`, `city_idcity`) VALUES (19, 'terme di caracalla', 'roma', 41.5244, 12.2932, 1);
INSERT INTO `db.triplan`.`places` (`idplaces`, `name_places`, `city_places`, `latitude`, `longitude`, `city_idcity`) VALUES (20, 'palazzo pitti', 'firenze', 43.4555, 11.1459, 2);
INSERT INTO `db.triplan`.`places` (`idplaces`, `name_places`, `city_places`, `latitude`, `longitude`, `city_idcity`) VALUES (21, 'piazza della signoria', 'firenze', 43.4610, 11.1520, 2);
INSERT INTO `db.triplan`.`places` (`idplaces`, `name_places`, `city_places`, `latitude`, `longitude`, `city_idcity`) VALUES (22, 'basilica di santa croce', 'firenze', 43.4608, 11.1541, 2);
INSERT INTO `db.triplan`.`places` (`idplaces`, `name_places`, `city_places`, `latitude`, `longitude`, `city_idcity`) VALUES (23, 'piazza del duomo', 'firenze', 43.4623, 11.1519, 2);
INSERT INTO `db.triplan`.`places` (`idplaces`, `name_places`, `city_places`, `latitude`, `longitude`, `city_idcity`) VALUES (24, 'palazzo medici', 'firenze', 43.4631, 11.1521, 2);
INSERT INTO `db.triplan`.`places` (`idplaces`, `name_places`, `city_places`, `latitude`, `longitude`, `city_idcity`) VALUES (25, 'giardino di boboli', 'firenze', 43.4544, 11.1444, 2);
INSERT INTO `db.triplan`.`places` (`idplaces`, `name_places`, `city_places`, `latitude`, `longitude`, `city_idcity`) VALUES (26, 'loggia della signoria', 'firenze', 43.4609, 11.1520, 2);
INSERT INTO `db.triplan`.`places` (`idplaces`, `name_places`, `city_places`, `latitude`, `longitude`, `city_idcity`) VALUES (27, 'duomo', 'milano', 45.2751, 9.1130, 3);
INSERT INTO `db.triplan`.`places` (`idplaces`, `name_places`, `city_places`, `latitude`, `longitude`, `city_idcity`) VALUES (28, 'teatro la scala', 'milano', 45.2806, 9.1122, 3);
INSERT INTO `db.triplan`.`places` (`idplaces`, `name_places`, `city_places`, `latitude`, `longitude`, `city_idcity`) VALUES (29, 'castello sforzesco', 'milano', 45.2813, 9.1045, 3);
INSERT INTO `db.triplan`.`places` (`idplaces`, `name_places`, `city_places`, `latitude`, `longitude`, `city_idcity`) VALUES (30, 'santa maria delle grazie', 'milano', 45.2757, 9.1014, 3);
INSERT INTO `db.triplan`.`places` (`idplaces`, `name_places`, `city_places`, `latitude`, `longitude`, `city_idcity`) VALUES (31, 'parco sempione', 'milano', 45.2819, 9.1038, 3);
INSERT INTO `db.triplan`.`places` (`idplaces`, `name_places`, `city_places`, `latitude`, `longitude`, `city_idcity`) VALUES (32, 'via montenapoleone', 'milano', 45.2805, 9.1142, 3);
INSERT INTO `db.triplan`.`places` (`idplaces`, `name_places`, `city_places`, `latitude`, `longitude`, `city_idcity`) VALUES (33, 'pinacoteca di brera', 'milano', 45.2819, 9.1117, 3);
INSERT INTO `db.triplan`.`places` (`idplaces`, `name_places`, `city_places`, `latitude`, `longitude`, `city_idcity`) VALUES (34, 'biblioteca ambrosiana', 'milano', 45.2748, 9.1108, 3);
INSERT INTO `db.triplan`.`places` (`idplaces`, `name_places`, `city_places`, `latitude`, `longitude`, `city_idcity`) VALUES (35, 'piazza cordusio', 'milano', 45.2755, 9.1110, 3);
INSERT INTO `db.triplan`.`places` (`idplaces`, `name_places`, `city_places`, `latitude`, `longitude`, `city_idcity`) VALUES (36, 'piazza san fedele', 'milano', 45.2759, 9.1127, 3);
INSERT INTO `db.triplan`.`places` (`idplaces`, `name_places`, `city_places`, `latitude`, `longitude`, `city_idcity`) VALUES (37, 'galleria arte moderna', 'milano', 45.2822, 9.1200, 3);
INSERT INTO `db.triplan`.`places` (`idplaces`, `name_places`, `city_places`, `latitude`, `longitude`, `city_idcity`) VALUES (38, 'palazzo reale', 'madrid', 40.2504, 3.4251, 4);
INSERT INTO `db.triplan`.`places` (`idplaces`, `name_places`, `city_places`, `latitude`, `longitude`, `city_idcity`) VALUES (39, 'plaza mayor', 'madrid', 40.2456, 3.4227, 4);
INSERT INTO `db.triplan`.`places` (`idplaces`, `name_places`, `city_places`, `latitude`, `longitude`, `city_idcity`) VALUES (40, 'parco del retiro', 'madrid', 40.2455, 3.4103, 4);
INSERT INTO `db.triplan`.`places` (`idplaces`, `name_places`, `city_places`, `latitude`, `longitude`, `city_idcity`) VALUES (41, 'puerta del sol', 'madrid', 40.2501, 3.4213, 4);
INSERT INTO `db.triplan`.`places` (`idplaces`, `name_places`, `city_places`, `latitude`, `longitude`, `city_idcity`) VALUES (42, 'gran via', 'madrid', 40.2513, 3.4214, 4);
INSERT INTO `db.triplan`.`places` (`idplaces`, `name_places`, `city_places`, `latitude`, `longitude`, `city_idcity`) VALUES (43, 'teatro real', 'madrid', 40.2505, 3.4237, 4);
INSERT INTO `db.triplan`.`places` (`idplaces`, `name_places`, `city_places`, `latitude`, `longitude`, `city_idcity`) VALUES (44, 'museo reina sofia', 'madrid', 40.2429, 3.4138, 4);
INSERT INTO `db.triplan`.`places` (`idplaces`, `name_places`, `city_places`, `latitude`, `longitude`, `city_idcity`) VALUES (45, 'puerta de alcala', 'madrid', 40.2512, 3.4120, 4);
INSERT INTO `db.triplan`.`places` (`idplaces`, `name_places`, `city_places`, `latitude`, `longitude`, `city_idcity`) VALUES (46, 'parco guell', 'barcellona', 41.5442, 2.0910, 5);
INSERT INTO `db.triplan`.`places` (`idplaces`, `name_places`, `city_places`, `latitude`, `longitude`, `city_idcity`) VALUES (47, 'cattedrale barcellona', 'barcellona', 41.2302, 2.1033, 5);
INSERT INTO `db.triplan`.`places` (`idplaces`, `name_places`, `city_places`, `latitude`, `longitude`, `city_idcity`) VALUES (48, 'casa batlo', 'barcellona', 41.2330, 2.0953, 5);
INSERT INTO `db.triplan`.`places` (`idplaces`, `name_places`, `city_places`, `latitude`, `longitude`, `city_idcity`) VALUES (49, 'casa mila', 'barcellona', 41.2343, 2.0942, 5);
INSERT INTO `db.triplan`.`places` (`idplaces`, `name_places`, `city_places`, `latitude`, `longitude`, `city_idcity`) VALUES (50, 'acquario', 'barcellona', 41.2236, 2.1102, 5);
INSERT INTO `db.triplan`.`places` (`idplaces`, `name_places`, `city_places`, `latitude`, `longitude`, `city_idcity`) VALUES (51, 'parco della cittadella', 'barcellona', 41.2317, 2.1110, 5);
INSERT INTO `db.triplan`.`places` (`idplaces`, `name_places`, `city_places`, `latitude`, `longitude`, `city_idcity`) VALUES (52, 'santa maria del mar', 'barcellona', 41.2302, 2.1055, 5);
INSERT INTO `db.triplan`.`places` (`idplaces`, `name_places`, `city_places`, `latitude`, `longitude`, `city_idcity`) VALUES (53, 'sacro cuore', 'parigi', 48.5313, 2.2038, 11);
INSERT INTO `db.triplan`.`places` (`idplaces`, `name_places`, `city_places`, `latitude`, `longitude`, `city_idcity`) VALUES (54, 'louvre', 'parigi', 48.5138, 2.2015, 11);
INSERT INTO `db.triplan`.`places` (`idplaces`, `name_places`, `city_places`, `latitude`, `longitude`, `city_idcity`) VALUES (55, 'arco di trionfo', 'parigi', 48.5226, 2.1742, 11);
INSERT INTO `db.triplan`.`places` (`idplaces`, `name_places`, `city_places`, `latitude`, `longitude`, `city_idcity`) VALUES (56, 'notre dame', 'parigi', 48.5110, 2.2057, 11);
INSERT INTO `db.triplan`.`places` (`idplaces`, `name_places`, `city_places`, `latitude`, `longitude`, `city_idcity`) VALUES (57, 'reggia di versailles', 'parigi', 48.4817, 2.0712, 11);
INSERT INTO `db.triplan`.`places` (`idplaces`, `name_places`, `city_places`, `latitude`, `longitude`, `city_idcity`) VALUES (58, 'campi elisi', 'parigi', 48.5211, 2.1827, 11);
INSERT INTO `db.triplan`.`places` (`idplaces`, `name_places`, `city_places`, `latitude`, `longitude`, `city_idcity`) VALUES (59, 'montmartre', 'parigi', 48.5311, 2.2038, 11);
INSERT INTO `db.triplan`.`places` (`idplaces`, `name_places`, `city_places`, `latitude`, `longitude`, `city_idcity`) VALUES (60, 'saint denis', 'parigi', 48.5149, 2.2100, 11);
INSERT INTO `db.triplan`.`places` (`idplaces`, `name_places`, `city_places`, `latitude`, `longitude`, `city_idcity`) VALUES (61, 'piazza della concordia', 'parigi', 48.5156, 2.1915, 11);
INSERT INTO `db.triplan`.`places` (`idplaces`, `name_places`, `city_places`, `latitude`, `longitude`, `city_idcity`) VALUES (62, 'passeggiata degli inglesi', 'nizza', 43.4052, 6.1355, 12);
INSERT INTO `db.triplan`.`places` (`idplaces`, `name_places`, `city_places`, `latitude`, `longitude`, `city_idcity`) VALUES (63, 'cattedrale di nizza', 'nizza', 43.4149, 7.1632, 12);
INSERT INTO `db.triplan`.`places` (`idplaces`, `name_places`, `city_places`, `latitude`, `longitude`, `city_idcity`) VALUES (64, 'notre dame di nizza', 'nizza', 43.4212, 7.1556, 12);
INSERT INTO `db.triplan`.`places` (`idplaces`, `name_places`, `city_places`, `latitude`, `longitude`, `city_idcity`) VALUES (65, 'opera', 'nizza', 43.4144, 7.1621, 12);
INSERT INTO `db.triplan`.`places` (`idplaces`, `name_places`, `city_places`, `latitude`, `longitude`, `city_idcity`) VALUES (68, 'museo matisse', 'nizza', 43.4310, 7.1633, 12);
INSERT INTO `db.triplan`.`places` (`idplaces`, `name_places`, `city_places`, `latitude`, `longitude`, `city_idcity`) VALUES (69, 'giardino botanico', 'nizza', 43.4115, 7.1239, 12);
INSERT INTO `db.triplan`.`places` (`idplaces`, `name_places`, `city_places`, `latitude`, `longitude`, `city_idcity`) VALUES (70, 'museo delle belle arti', 'nizza', 43.4142, 7.1455, 12);
INSERT INTO `db.triplan`.`places` (`idplaces`, `name_places`, `city_places`, `latitude`, `longitude`, `city_idcity`) VALUES (71, 'chiesa di san nicola', 'nizza', 43.4213, 7.1513, 12);
INSERT INTO `db.triplan`.`places` (`idplaces`, `name_places`, `city_places`, `latitude`, `longitude`, `city_idcity`) VALUES (72, 'museo marc chagall', 'nizza', 43.4234, 7.1612, 12);
INSERT INTO `db.triplan`.`places` (`idplaces`, `name_places`, `city_places`, `latitude`, `longitude`, `city_idcity`) VALUES (73, 'palazzo nikaia', 'nizza', 43.4042, 7.1157, 12);
INSERT INTO `db.triplan`.`places` (`idplaces`, `name_places`, `city_places`, `latitude`, `longitude`, `city_idcity`) VALUES (74, 'muro di berlino', 'berlino', 52.3206, 13.2324, 6);
INSERT INTO `db.triplan`.`places` (`idplaces`, `name_places`, `city_places`, `latitude`, `longitude`, `city_idcity`) VALUES (75, 'porta di brandeburgo', 'berlino', 52.2358, 13.0254, 6);
INSERT INTO `db.triplan`.`places` (`idplaces`, `name_places`, `city_places`, `latitude`, `longitude`, `city_idcity`) VALUES (76, 'palazzo del reichstag', 'berlino', 52.3107, 13.2233, 6);
INSERT INTO `db.triplan`.`places` (`idplaces`, `name_places`, `city_places`, `latitude`, `longitude`, `city_idcity`) VALUES (77, 'duomo di berlino', 'berlino', 52.3108, 13.2404, 6);
INSERT INTO `db.triplan`.`places` (`idplaces`, `name_places`, `city_places`, `latitude`, `longitude`, `city_idcity`) VALUES (78, 'colonna della vittoria', 'berlino', 52.3052, 13.2100, 6);
INSERT INTO `db.triplan`.`places` (`idplaces`, `name_places`, `city_places`, `latitude`, `longitude`, `city_idcity`) VALUES (79, 'castello di charlottenburg', 'berlino', 52.3115, 13.1744, 6);
INSERT INTO `db.triplan`.`places` (`idplaces`, `name_places`, `city_places`, `latitude`, `longitude`, `city_idcity`) VALUES (80, 'fuhrerbunker', 'berlino', 52.3010, 13.2248, 6);
INSERT INTO `db.triplan`.`places` (`idplaces`, `name_places`, `city_places`, `latitude`, `longitude`, `city_idcity`) VALUES (81, 'altes museo', 'berlino', 52.3110, 13.2356, 6);
INSERT INTO `db.triplan`.`places` (`idplaces`, `name_places`, `city_places`, `latitude`, `longitude`, `city_idcity`) VALUES (82, 'alexanderplatz', 'berlino', 52.3119, 13.2447, 6);
INSERT INTO `db.triplan`.`places` (`idplaces`, `name_places`, `city_places`, `latitude`, `longitude`, `city_idcity`) VALUES (83, 'checkpoint charlie', 'berlino', 52.3027, 13.2324, 6);
INSERT INTO `db.triplan`.`places` (`idplaces`, `name_places`, `city_places`, `latitude`, `longitude`, `city_idcity`) VALUES (84, 'allianz arena', 'monaco', 48.1307, 11.3728, 7);
INSERT INTO `db.triplan`.`places` (`idplaces`, `name_places`, `city_places`, `latitude`, `longitude`, `city_idcity`) VALUES (85, 'torre bmw', 'monaco', 48.1036, 11.3335, 7);
INSERT INTO `db.triplan`.`places` (`idplaces`, `name_places`, `city_places`, `latitude`, `longitude`, `city_idcity`) VALUES (86, 'castello di neuschwanstein', 'monaco', 47.3327, 10.4458, 7);
INSERT INTO `db.triplan`.`places` (`idplaces`, `name_places`, `city_places`, `latitude`, `longitude`, `city_idcity`) VALUES (87, 'marienplatz', 'monaco', 48.0813, 11.3433, 7);
INSERT INTO `db.triplan`.`places` (`idplaces`, `name_places`, `city_places`, `latitude`, `longitude`, `city_idcity`) VALUES (88, 'frauenkirche', 'monaco', 48.0819, 11.3424, 7);
INSERT INTO `db.triplan`.`places` (`idplaces`, `name_places`, `city_places`, `latitude`, `longitude`, `city_idcity`) VALUES (89, 'castello nymphenburg', 'monaco', 48.0929, 11.3011, 7);
INSERT INTO `db.triplan`.`places` (`idplaces`, `name_places`, `city_places`, `latitude`, `longitude`, `city_idcity`) VALUES (90, 'hofbrauhaus', 'monaco', 48.0815, 11.3447, 7);
INSERT INTO `db.triplan`.`places` (`idplaces`, `name_places`, `city_places`, `latitude`, `longitude`, `city_idcity`) VALUES (91, 'gliptoteca', 'monaco', 48.0847, 11.3357, 7);
INSERT INTO `db.triplan`.`places` (`idplaces`, `name_places`, `city_places`, `latitude`, `longitude`, `city_idcity`) VALUES (92, 'olympiastadion', 'monaco', 48.1023, 11.3246, 7);
INSERT INTO `db.triplan`.`places` (`idplaces`, `name_places`, `city_places`, `latitude`, `longitude`, `city_idcity`) VALUES (93, 'maximilianeum', 'monaco', 48.0811, 11.3540, 7);
INSERT INTO `db.triplan`.`places` (`idplaces`, `name_places`, `city_places`, `latitude`, `longitude`, `city_idcity`) VALUES (94, 'liberty statue', 'new york', 40.4121, 74.0242, 8);
INSERT INTO `db.triplan`.`places` (`idplaces`, `name_places`, `city_places`, `latitude`, `longitude`, `city_idcity`) VALUES (95, 'central park', 'new york', 40.4658, 73.5755, 8);
INSERT INTO `db.triplan`.`places` (`idplaces`, `name_places`, `city_places`, `latitude`, `longitude`, `city_idcity`) VALUES (96, 'times square', 'new york', 40.4531, 73.5903, 8);
INSERT INTO `db.triplan`.`places` (`idplaces`, `name_places`, `city_places`, `latitude`, `longitude`, `city_idcity`) VALUES (97, 'empire state building', 'new york', 40.4453, 73.5909, 8);
INSERT INTO `db.triplan`.`places` (`idplaces`, `name_places`, `city_places`, `latitude`, `longitude`, `city_idcity`) VALUES (98, 'ponte di brooklyn ', 'new york', 40.4221, 73.5951, 8);
INSERT INTO `db.triplan`.`places` (`idplaces`, `name_places`, `city_places`, `latitude`, `longitude`, `city_idcity`) VALUES (99, 'wall street', 'new york', 40.4227, 74.0035, 8);
INSERT INTO `db.triplan`.`places` (`idplaces`, `name_places`, `city_places`, `latitude`, `longitude`, `city_idcity`) VALUES (100, 'china town', 'new york', 40.4256, 73.5949, 8);
INSERT INTO `db.triplan`.`places` (`idplaces`, `name_places`, `city_places`, `latitude`, `longitude`, `city_idcity`) VALUES (101, 'rockefeller center', 'new york', 40.4531, 73.5842, 8);
INSERT INTO `db.triplan`.`places` (`idplaces`, `name_places`, `city_places`, `latitude`, `longitude`, `city_idcity`) VALUES (102, 'museo 11 settembre', 'new york', 40.4241, 74.0048, 8);
INSERT INTO `db.triplan`.`places` (`idplaces`, `name_places`, `city_places`, `latitude`, `longitude`, `city_idcity`) VALUES (103, 'coney island', 'new york', 40.3431, 73.5812, 8);
INSERT INTO `db.triplan`.`places` (`idplaces`, `name_places`, `city_places`, `latitude`, `longitude`, `city_idcity`) VALUES (104, 'little italy', 'new york', 40.4309, 73.5950, 8);
INSERT INTO `db.triplan`.`places` (`idplaces`, `name_places`, `city_places`, `latitude`, `longitude`, `city_idcity`) VALUES (105, 'golden gate bridge', 'san francisco', 37.4911, 122.2843, 9);
INSERT INTO `db.triplan`.`places` (`idplaces`, `name_places`, `city_places`, `latitude`, `longitude`, `city_idcity`) VALUES (106, 'alcatraz', 'san francisco', 37.4936, 122.2522, 9);
INSERT INTO `db.triplan`.`places` (`idplaces`, `name_places`, `city_places`, `latitude`, `longitude`, `city_idcity`) VALUES (107, 'lombard street', 'san francisco', 37.4803, 122.2535, 9);
INSERT INTO `db.triplan`.`places` (`idplaces`, `name_places`, `city_places`, `latitude`, `longitude`, `city_idcity`) VALUES (108, 'alamo square', 'san francisco', 37.4639, 122.2559, 9);
INSERT INTO `db.triplan`.`places` (`idplaces`, `name_places`, `city_places`, `latitude`, `longitude`, `city_idcity`) VALUES (109, 'transamerica pyramid', 'san francisco', 37.4742, 122.2410, 9);
INSERT INTO `db.triplan`.`places` (`idplaces`, `name_places`, `city_places`, `latitude`, `longitude`, `city_idcity`) VALUES (110, 'golden gate park', 'san francisco', 37.4609, 122.2910, 9);
INSERT INTO `db.triplan`.`places` (`idplaces`, `name_places`, `city_places`, `latitude`, `longitude`, `city_idcity`) VALUES (111, 'twin peaks', 'san francisco', 37.4509, 122.2650, 9);
INSERT INTO `db.triplan`.`places` (`idplaces`, `name_places`, `city_places`, `latitude`, `longitude`, `city_idcity`) VALUES (112, 'castro street', 'san francisco', 37.4539, 122.2605, 9);
INSERT INTO `db.triplan`.`places` (`idplaces`, `name_places`, `city_places`, `latitude`, `longitude`, `city_idcity`) VALUES (113, 'oracle park', 'san francisco', 37.4642, 122.2321, 9);
INSERT INTO `db.triplan`.`places` (`idplaces`, `name_places`, `city_places`, `latitude`, `longitude`, `city_idcity`) VALUES (114, 'coit tower', 'san francisco', 37.4809, 122.2421, 9);
INSERT INTO `db.triplan`.`places` (`idplaces`, `name_places`, `city_places`, `latitude`, `longitude`, `city_idcity`) VALUES (115, 'white house', 'washington', 38.5351, 77.0211, 10);
INSERT INTO `db.triplan`.`places` (`idplaces`, `name_places`, `city_places`, `latitude`, `longitude`, `city_idcity`) VALUES (116, 'campidoglio', 'washington', 38.5323, 77.0032, 10);
INSERT INTO `db.triplan`.`places` (`idplaces`, `name_places`, `city_places`, `latitude`, `longitude`, `city_idcity`) VALUES (117, 'monumento a washington', 'washington', 38.5322, 77.0206, 10);
INSERT INTO `db.triplan`.`places` (`idplaces`, `name_places`, `city_places`, `latitude`, `longitude`, `city_idcity`) VALUES (118, 'lincoln memorial', 'washington', 38.5321, 77.0300, 10);
INSERT INTO `db.triplan`.`places` (`idplaces`, `name_places`, `city_places`, `latitude`, `longitude`, `city_idcity`) VALUES (119, 'national mall', 'washington', 38.5322, 77.0122, 10);
INSERT INTO `db.triplan`.`places` (`idplaces`, `name_places`, `city_places`, `latitude`, `longitude`, `city_idcity`) VALUES (120, 'jefferson memorial ', 'washington', 38.5252, 77.0212, 10);
INSERT INTO `db.triplan`.`places` (`idplaces`, `name_places`, `city_places`, `latitude`, `longitude`, `city_idcity`) VALUES (121, 'dupont circle', 'washington', 38.5435, 77.0238, 10);
INSERT INTO `db.triplan`.`places` (`idplaces`, `name_places`, `city_places`, `latitude`, `longitude`, `city_idcity`) VALUES (122, 'teatro ford', 'washington', 38.5347, 77.0133, 10);
INSERT INTO `db.triplan`.`places` (`idplaces`, `name_places`, `city_places`, `latitude`, `longitude`, `city_idcity`) VALUES (123, 'national gallery of art', 'washington', 38.5328, 77.0111, 10);
INSERT INTO `db.triplan`.`places` (`idplaces`, `name_places`, `city_places`, `latitude`, `longitude`, `city_idcity`) VALUES (124, 'kennedy center', 'washington', 38.5345, 77.0321, 10);

COMMIT;

select places.name_places, places.city_places  from places left join city on places.city_idcity=city.idcity where city.name_city='roma' ;